Metric,Mean,Std,Min,Max,Median,Range
Sequence-level F1,0.5670435470961787,0.05394371652101907,0.5054334554334555,0.6646655099286677,0.5628052503052503,0.15923205449521216
Frame-level F1,0.5841311198373854,0.05245176546351619,0.5092165698362626,0.6766056739526913,0.567845432263301,0.1673891041164287
